{
  "R2": {
    "C0": 0.9879426057464992,
    "c": 0.974874434019094,
    "n": 0.9000131495917492,
    "a2": 0.9494809113371111,
    "a1": 0.9361671093675763,
    "a0": 0.878333155081545
  },
  "betas": {
    "C0": [
      0.06928053379318022,
      -0.046706113922493464,
      0.01843288882235667,
      -0.017451805563467777
    ],
    "c": [
      0.0029944608684131413,
      1.7544000228057195,
      -0.0023188120244763367,
      -0.008276018267926651
    ],
    "n": [
      125.04299825251472,
      -313.19525804817437,
      -32.311505819022564,
      89.2256533739414,
      -11.017462368533549,
      2.3496854047987084,
      0.12493215267341945,
      -0.019750959331026437
    ],
    "a2": [
      -0.00011847919857460579,
      -0.0038656492152685414,
      8.261704634616117e-06,
      -3.323625616652011e-05
    ],
    "a1": [
      0.008558927053735623,
      0.15432505478209302,
      -0.0001563273819143648,
      0.0006245155160473203
    ],
    "a0": [
      0.21445340315333436,
      0.24962790509266655,
      0.002443065109035131,
      -0.005123994882695304
    ]
  },
  "correlation_matrix": {
    "C0": {
      "C0": 1.0,
      "c": -0.5025,
      "n": 0.4952,
      "a2": 0.479,
      "a1": -0.4628,
      "a0": 0.0469
    },
    "c": {
      "C0": -0.5025,
      "c": 1.0,
      "n": -0.634,
      "a2": -0.9872,
      "a1": 0.973,
      "a0": 0.789
    },
    "n": {
      "C0": 0.4952,
      "c": -0.634,
      "n": 1.0,
      "a2": 0.7206,
      "a1": -0.7595,
      "a0": -0.2419
    },
    "a2": {
      "C0": 0.479,
      "c": -0.9872,
      "n": 0.7206,
      "a2": 1.0,
      "a1": -0.9948,
      "a0": -0.7419
    },
    "a1": {
      "C0": -0.4628,
      "c": 0.973,
      "n": -0.7595,
      "a2": -0.9948,
      "a1": 1.0,
      "a0": 0.7214
    },
    "a0": {
      "C0": 0.0469,
      "c": 0.789,
      "n": -0.2419,
      "a2": -0.7419,
      "a1": 0.7214,
      "a0": 1.0
    }
  },
  "residuals": {
    "C0": [
      {
        "file": "result_I0p0500_C25p0000.csv",
        "I": 0.05,
        "C": 25.0,
        "residual": 0.020751800127894293,
        "actual": 0.4852008915737433,
        "predicted": 0.5059526917016376
      },
      {
        "file": "result_I0p0100_C19p0000.csv",
        "I": 0.01,
        "C": 19.0,
        "residual": -0.017364267139460543,
        "actual": 0.4330867843611337,
        "predicted": 0.41572251722167314
      },
      {
        "file": "result_I0p0100_C22p0000.csv",
        "I": 0.01,
        "C": 22.0,
        "residual": -0.015561028940707544,
        "actual": 0.4860586584625467,
        "predicted": 0.47049762952183916
      }
    ],
    "c": [
      {
        "file": "result_I0p1000_C10p0000.csv",
        "I": 0.1,
        "C": 10.0,
        "residual": -0.0414843952133746,
        "actual": 0.1884547198496697,
        "predicted": 0.14697032463629509
      },
      {
        "file": "result_I0p2000_C22p0000.csv",
        "I": 0.2,
        "C": 22.0,
        "residual": -0.03758428936311431,
        "actual": 0.3040304098753147,
        "predicted": 0.2664461205122004
      },
      {
        "file": "result_I0p2000_C19p0000.csv",
        "I": 0.2,
        "C": 19.0,
        "residual": -0.03719797522891344,
        "actual": 0.3155661427752989,
        "predicted": 0.27836816754638544
      }
    ],
    "n": [
      {
        "file": "result_I0p0300_C16p0000.csv",
        "I": 0.03,
        "C": 16.0,
        "residual": -152.96730863273444,
        "actual": 468.06081035267925,
        "predicted": 315.0935017199448
      },
      {
        "file": "result_I0p0500_C19p0000.csv",
        "I": 0.05,
        "C": 19.0,
        "residual": 127.80710486965805,
        "actual": 24.81866723066876,
        "predicted": 152.6257721003268
      },
      {
        "file": "result_I0p0500_C16p0000.csv",
        "I": 0.05,
        "C": 16.0,
        "residual": 114.61351574322148,
        "actual": 4.282952717390992,
        "predicted": 118.89646846061248
      }
    ],
    "a2": [
      {
        "file": "result_I0p1000_C13p0000.csv",
        "I": 0.1,
        "C": 13.0,
        "residual": 0.00018623354849107342,
        "actual": -0.000627082641359,
        "predicted": -0.0004408490928679266
      },
      {
        "file": "result_I0p1000_C16p0000.csv",
        "I": 0.1,
        "C": 16.0,
        "residual": 0.00018353275487886572,
        "actual": -0.0006095676106929,
        "predicted": -0.00042603485581403427
      },
      {
        "file": "result_I0p1000_C10p0000.csv",
        "I": 0.1,
        "C": 10.0,
        "residual": 0.0001773612093871811,
        "actual": -0.000633024539309,
        "predicted": -0.00045566332992181885
      }
    ],
    "a1": [
      {
        "file": "result_I0p1000_C16p0000.csv",
        "I": 0.1,
        "C": 16.0,
        "residual": -0.007712617595542898,
        "actual": 0.0302020368425337,
        "predicted": 0.022489419246990803
      },
      {
        "file": "result_I0p1000_C13p0000.csv",
        "I": 0.1,
        "C": 13.0,
        "residual": -0.007679914455319098,
        "actual": 0.0304509611932388,
        "predicted": 0.0227710467379197
      },
      {
        "file": "result_I0p1000_C19p0000.csv",
        "I": 0.1,
        "C": 19.0,
        "residual": -0.007534365960816594,
        "actual": 0.0297421577168785,
        "predicted": 0.022207791756061905
      }
    ],
    "a0": [
      {
        "file": "result_I0p1000_C22p0000.csv",
        "I": 0.1,
        "C": 22.0,
        "residual": 0.015782209062747965,
        "actual": 0.2661086282566963,
        "predicted": 0.28189083731944425
      },
      {
        "file": "result_I0p1000_C19p0000.csv",
        "I": 0.1,
        "C": 19.0,
        "residual": 0.014170575582904965,
        "actual": 0.2619282648742425,
        "predicted": 0.27609884045714744
      },
      {
        "file": "result_I0p0100_C22p0000.csv",
        "I": 0.01,
        "C": 22.0,
        "residual": -0.013183752340989341,
        "actual": 0.2827535880698303,
        "predicted": 0.26956983572884097
      }
    ]
  }
}